"Figure Name","Title","Legend"
"1_ExampleTraces","Example Traces","Sample 60-millisecond-long filtered voltage traces from 9 electrodes (if the default number of electrodes to plot is selected in MEA-NAP) centered on at least one action potential. The MEA recording filename is at the top of the figure. The electrode number and time in the recording are shown above each voltage trace. The colored arrows indicate where one or more spike detection methods and parameters identified an action potential. Legend, bior1.3, bior1.5, and db2 are MATLAB wavelets used for template-based spike detection with the continuous wavelet transform. The median absolute deviation used for the threshold method is indicated with the prefix “thr.” This figure facilitates comparing the performance of the spike detection methods and parameters at the individual electrode level."
"2_SpikeFrequencies","Spike Frequencies","Line graphs show the running spike frequency (binned by 1 second) detected by each spike detection method (line color) during the length of recording in minutes. Legend, bior1.3, bior1.5, and db2 are MATLAB wavelets used for template-based spike detection with the continuous wavelet transform. The median absolute deviation used for the threshold method is indicated with the prefix “thr.” This figure facilitates comparing the performance of the spike detection methods and parameters at the electrode level. The figure title (top) indicates the MEA recording filename. This figure facilitates comparing the performance of the spike detection methods and parameters."
"3_Waveforms","Waveforms","Sample of 50 action potential action potential waveforms (gray) overlayed and mean waveform (black line) detected with each spike detection method (panel title) from a sample electrode (indicated above the panels). The figure title is the MEA recording filename. For some electrodes, if fewer than 50 action potentials were detected with a specific spike detection method/parameter, then all of the action potential waveforms will be overlayed. This figure facilitates comparing the performance of the spike detection methods and parameters."
"1_FiringRateByElectrode","Firing Rate By Electrode","Scatter plot (gray circles), mean ± s.e.m. (black circle with error bars) and density curve show the mean firing rate (MFR) for each electrode in the microelectrode array (MEA) recording in spikes per second (Hz). The MFR was calculated by dividing the number of action potentials detected by the length of the recording in seconds. Figure title (top) is the name of the recording."
"2_Heatmap","Heatmap","Mean firing rate (MFR) by electrode (circles) in the spatial arrangement of the microelectrode array (MEA) in hertz (Hz, color bar) scaled to the recording (left) and to the entire dataset (right). In the left panel, differences in MFR can be observed between electrodes. In the right panel, the MFR can be seen in comparison to the whole dataset. Figure title (top) is the name of the recording and scaling relative to the range of MFR in the recording versus the entire dataset."
"3_Raster","Raster","Raster plots show mean firing rate (MFR) in hertz (Hz, color bar) in 1-second bins for each electrode (row) over the length of the recording (time, minutes) scaled to the range of MFR in the recording (top panel) and in the entire dataset (bottom panel). The MFR was calculated as the number of action potentials per second. In the top raster plot, differences in MFR can be observed between electrodes. In the bottom raster plot, the relative MFR can be seen in comparison to the whole dataset. Figure title (above each raster plot) is the name of the recording and scaling relative to the range of MFR in the recording versus the entire dataset."
"1_mean_firing rate_node_by_group","Mean Firing Rate by Node","Scatter plots, mean (black circles with error bars), and density curves show the mean firing rate (MFR) for each electrode (colored circles) from all of the recordings in the dataset in hertz (Hz) by age for Group 1 (left panel), Group 2 (right panel). Error bars may not be visible where they are smaller than the size of the circle representing the mean. The MFR was calculated by dividing the number of action potentials detected divided by the length of the recording in seconds. Panel title (top) is the group name."
"1_mean_firing rate_node_by_age","Mean Firing Rate by Node","Scatter plots, mean (black circles with error bars), and density curves show the mean firing rate (MFR) for each electrode (colored circles) from all of the recordings in the dataset in hertz (Hz) by group for Age 1 (left panel), Age 2 (second-from-the-left-panel), etc. Error bars may not be visible where they are smaller than the size of the circle representing the mean. The MFR was calculated by dividing the number of action potentials detected divided by the length of the recording in seconds. Panel title (top) is the age."
"1_number of active electrodes_byGroup","Number of Active Electrodes","Scatter plots, mean ± s.e.m. (black circles with error bars), and density curves show the number of active electrodes (colored circles) for each recording in the dataset by age for Group 1 (left panel), Group 2 (second-from-the-left-panel panel), etc. Error bars may not be visible where they are smaller than the size of the circle representing the mean. An active electrode is defined as MFR greater than 0.01 Hz (if default settings in MEA-NAP were used). Panel title (top) is the group name."
"2_mean firing rate (Hz)_byGroup","Mean Firing Rate","Scatter plots, mean ± s.e.m. (black circles with error bars), and density curves show the mean firing rate for each recording (colored circles) in the dataset by age for Group 1 (left panel), Group 2 (second-from-the-left-panel panel), etc. Error bars may not be visible where they are smaller than the size of the circle representing the mean. Panel title (top) is the group name."
"3_median firing rate (Hz)_byGroup","Median Firing Rate","Scatter plots, mean ± s.e.m. (black circles with error bars), and density curves show the median firing rate for each recording (colored circles) in the dataset by age for Group 1 (left panel), Group 2 (second-from-the-left-panel panel), etc. Error bars may not be visible where they are smaller than the size of the circle representing the mean. Panel title (top) is the group name."
"4_network burst rate (per minute)_byGroup","Network Burst Rate","Scatter plots, mean ± s.e.m. (black circles with error bars), and density curves show the network burst rate (per minute) for each recording (colored circles) in the dataset by age for Group 1 (left panel), Group 2 (second-from-the-left-panel panel), etc. Error bars may not be visible where they are smaller than the size of the circle representing the mean. Panel title (top) is the group name."
"5_mean number of channels involved in network bursts_byGroup","Mean Number of Electrodes Involved in Network Bursts.","Scatter plots, mean ± s.e.m. (black circles with error bars), and density curves show the mean number of electrodes (channels) involved in network bursts for each recording (colored circles) in the dataset by age for Group 1 (left panel), Group 2 (second-from-the-left-panel panel), etc. Error bars may not be visible where they are smaller than the size of the circle representing the mean. Panel title (top) is the group name."
"6_mean network burst length (s)_byGroup","Mean Network Burst Length","Scatter plots, mean ± s.e.m. (black circles with error bars), and density curves show the mean length of network bursts (in seconds) for each recording (colored circles) in the dataset by age for Group 1 (left panel), Group 2 (second-from-the-left-panel panel), etc. Error bars may not be visible where they are smaller than the size of the circle representing the mean. Panel title (top) is the group name."
"7_mean ISI within network burst (ms)_byGroup","Mean Inter-spike Interval (ISI) within Network Bursts","Scatter plots, mean ± s.e.m. (black circles with error bars), and density curves show the mean ISI between action potentials within network bursts (in milliseconds) for each recording (colored circles) in the dataset by age for Group 1 (left panel), Group 2 (second-from-the-left-panel panel), etc. Error bars may not be visible where they are smaller than the size of the circle representing the mean. Panel title (top) is the group name."
"8_mean ISI outside network bursts (ms)_byGroup","Mean Inter-spike Interval (ISI) Outside of Network Bursts","Scatter plots, mean ± s.e.m. (black circles with error bars), and density curves show the mean ISI between network bursts (in milliseconds) for each recording (colored circles) in the dataset by age for Group 1 (left panel), Group 2 (second-from-the-left-panel panel), etc. Error bars may not be visible where they are smaller than the size of the circle representing the mean. Panel title (top) is the group name."
"9_coefficient of variation of inter network burst intervals_byGroup","Coefficient of Variation in the Inter-network-burst Intervals (IBI)","Scatter plots, mean ± s.e.m. (black circles with error bars), and density curves show the coefficient of variation of the intervals (in milliseconds) between network bursts for each recording (colored circles) in the dataset by age for Group 1 (left panel), Group 2 (second-from-the-left-panel panel), etc. Error bars may not be visible where they are smaller than the size of the circle representing the mean. Panel title (top) is the group name."
"10_fraction of bursts in network bursts_byGroup","Fraction of In Network Bursts","Scatter plots, mean ± s.e.m. (black circles with error bars), and density curves show the fraction of bursts that are occurring within network bursts for each recording (colored circles) in the dataset by age for Group 1 (left panel), Group 2 (second-from-the-left-panel panel), etc. Error bars may not be visible where they are smaller than the size of the circle representing the mean. Panel title (top) is the group name."
"1_number of active electrodes_byAge","Number of Active Electrodes","Scatter plots, mean ± s.e.m. (black circles with error bars), and density curves show the number of active electrodes (colored circles) for each recording in the dataset by group for Age 1 (left panel), Age 2 (second-from-the-left-panel), etc. Error bars may not be visible where they are smaller than the size of the circle representing the mean. An active electrode is defined as MFR greater than 0.01 Hz (if default settings in MEA-NAP were used). Panel title (top) is the age name."
"2_mean firing rate (Hz)_byAge","Mean Firing Rate","Scatter plots, mean ± s.e.m. (black circles with error bars), and density curves show the mean firing rate for each recording (colored circles) in the dataset by group for Age 1 (left panel), Age 2 (second-from-the-left-panel), etc. Error bars may not be visible where they are smaller than the size of the circle representing the mean. Panel title (top) is the age name."
"3_median firing rate (Hz)_byAge","Median Firing Rate","Scatter plots, mean ± s.e.m. (black circles with error bars), and density curves show the median firing rate for each recording (colored circles) in the dataset by group for Age 1 (left panel), Age 2 (second-from-the-left-panel), etc. Error bars may not be visible where they are smaller than the size of the circle representing the mean. Panel title (top) is the age name."
"4_network burst rate (per minute)_byAge","Network Burst Rate","Scatter plots, mean ± s.e.m. (black circles with error bars), and density curves show the network burst rate (per minute) for each recording (colored circles) in the dataset by group for Age 1 (left panel), Age 2 (second-from-the-left-panel), etc. Error bars may not be visible where they are smaller than the size of the circle representing the mean. Panel title (top) is the age name."
"5_mean number of channels involved in network bursts_byAge","Mean Number of Electrodes Involved in Network Bursts","Scatter plots, mean ± s.e.m. (black circles with error bars), and density curves show the mean number of electrodes (channels) involved in network bursts for each recording (colored circles) in the dataset by group for Age 1 (left panel), Age 2 (second-from-the-left-panel), etc. Error bars may not be visible where they are smaller than the size of the circle representing the mean. Panel title (top) is the age name."
"6_mean network burst length (s)_byAge","Mean Network Burst Length","Scatter plots, mean ± s.e.m. (black circles with error bars), and density curves show the mean length of network bursts (in seconds) for each recording (colored circles) in the dataset by group for Age 1 (left panel), Age 2 (second-from-the-left-panel), etc. Error bars may not be visible where they are smaller than the size of the circle representing the mean. Panel title (top) is the age name. Mean."
"7_mean ISI within network burst (ms)_byAge","Mean Inter-spike Interval (ISI) within Network Bursts","Scatter plots, mean ± s.e.m. (black circles with error bars), and density curves show the mean ISI between action potentials within network bursts (in milliseconds) for each recording (colored circles) in the dataset by group for Age 1 (left panel), Age 2 (second-from-the-left-panel), etc. Error bars may not be visible where they are smaller than the size of the circle representing the mean. Panel title (top) is the age name."
"8_mean ISI outside network bursts (ms)_byAge","Mean Inter-spike Interval (ISI) Outside of Network Bursts","Scatter plots, mean ± s.e.m. (black circles with error bars), and density curves show the mean ISI between network bursts (in milliseconds) for each recording (colored circles) in the dataset by group for Age 1 (left panel), Age 2 (second-from-the-left-panel), etc. Error bars may not be visible where they are smaller than the size of the circle representing the mean. Panel title (top) is the age name."
"9_coefficient of variation of inter network burst intervals_byAge","Coefficient of Variation in the Inter-network-burst Intervals (IBI)","Scatter plots, mean ± s.e.m. (black circles with error bars), and density curves show the coefficient of variation of the intervals (in milliseconds) between network bursts for each recording (colored circles) in the dataset by group for Age 1 (left panel), Age 2 (second-from-the-left-panel), etc. Error bars may not be visible where they are smaller than the size of the circle representing the mean. Panel title (top) is the age name."
"10_fraction of bursts in network bursts_byAge","Fraction of In Network Bursts","Scatter plots, mean ± s.e.m. (black circles with error bars), and density curves show the fraction of bursts that are occurring within network bursts for each recording (colored circles) in the dataset by group for Age 1 (left panel), Age 2 (second-from-the-left-panel), etc. Error bars may not be visible where they are smaller than the size of the circle representing the mean. Panel title (top) is the age name."
"1_adjM10msConnectivityStats","Adjacency Matrix and Functional Connectivity Statistics","Top left, Adjacency matrix shows significant edges and edge weights for the functional connections between individual nodes (neuronal activity from neuron or neurons at each electrode). The correlation coefficient was determined using the spike time tiling coefficient (STTC) with a lag (in milliseconds) indicated in the filename. Bottom left, Bar graphs show the maximum and mean correlation values for edges in the MEA recording. Top right, Histogram of node degree (number of significant connections) for nodes (electrodes) participating in the network activity. Middle right, Histogram of node strength (sum of the edge weights for each node). Bottom right, Histogram of significant edge weights (strength of function connections)."
"2_MEA_NetworkPlot","MEA Network Plot","Graph of functional connectivity for an individual MEA recording (filename and STTC lag indicated in title). The nodes (circles) represent the neuronal activity observed from neuron(s) at each electrode in the spatial arrangement of the MEA. The node degree (size of circle) represents the number of functional connections with other nodes. The edges (lines) represent significant functional connections between nodes, and the edge weight (line thickness) represents the strength of connectivity. The size of the nodes and thickness of the edges are scaled based on the distributions in this recording."
"2_scaled_MEA_NetworkPlot","Scaled MEA Network Plot","Graph of functional connectivity for an individual MEA recording (filename and STTC lag indicated in title). The nodes (circles) represent the neuronal activity observed from neuron(s) at each electrode in the spatial arrangement of the MEA. The node degree (size of circle) represents the number of functional connections with other nodes. The edges (lines) represent significant functional connections between nodes, and the edge weight (line thickness) represents the strength of connectivity. The size of the nodes and thickness of the edges are scaled based on the distributions in the entire dataset to facilitate comparisons between MEA recordings."
"2_combined_MEA_NetworkPlot","Combined MEA Network Plots","Graphs of the functional connectivity for an individual MEA recording (filename and STTC lag indicated in title). The nodes (circles) represent the neuronal activity observed from neuron(s) at each electrode in the spatial arrangement of the MEA. The node degree (size of circle) represents the number of functional connections with other nodes. The edges (lines) represent significant functional connections between nodes, and the edge weight (line thickness) represents the strength of connectivity. The size of the nodes and thickness of the edges are scaled based on the distributions in this MEA recording (left) and the entire dataset (right) to facilitate comparison of the variation within the MEA recording and relative to other MEA recordings in the dataset."
"3_MEA_NetworkPlotNodedegreeBetweennesscentrality","MEA Network Plot with the Betweenness Centrality","Graph of functional connectivity for an individual MEA recording (filename and STTC lag indicated in title). The nodes (circles) represent the neuronal activity observed from neuron(s) at each electrode in the spatial arrangement of the MEA. The node color represents the betweenness centrality, a metric of what proportion of shortest paths, between any two nodes in the network, go through that node. The node degree (size of circle) represents the number of functional connections with other nodes. The edges (lines) represent significant functional connections between nodes, and the edge weight (line thickness) represents the strength of connectivity. The betweenness centrality color bar, size of the nodes and thickness of the edges are scaled based on the distributions in this recording."
"3_scaled_MEA_NetworkPlotNodedegreeBetweennesscentrality","Scaled MEA Network Plot with the Betweenness Centrality","Graph of functional connectivity for an individual MEA recording (filename and STTC lag indicated in title). The nodes (circles) represent the neuronal activity observed from neuron(s) at each electrode in the spatial arrangement of the MEA. The node color represents the betweenness centrality, a metric of what proportion of shortest paths, between any two nodes in the network, go through that node. The node degree (size of circle) represents the number of functional connections with other nodes. The edges (lines) represent significant functional connections between nodes, and the edge weight (line thickness) represents the strength of connectivity. The betweenness centrality color bar, size of the nodes and thickness of the edges are scaled based on the distributions in the entire dataset to facilitate comparisons between MEA recordings."
"3_combined_MEA_NetworkPlot_Betweenness centrality","Combined MEA Network Plots with the Betweenness Centrality","Graphs of the functional connectivity for an individual MEA recording (filename and STTC lag indicated in title). The nodes (circles) represent the neuronal activity observed from neuron(s) at each electrode in the spatial arrangement of the MEA. The node color represents the betweenness centrality, a metric of what proportion of shortest paths, between any two nodes in the network, go through that node. The node degree (size of circle) represents the number of functional connections with other nodes. The edges (lines) represent significant functional connections between nodes, and the edge weight (line thickness) represents the strength of connectivity. The betweenness centrality color bar, size of the nodes and thickness of the edges are scaled based on the distributions in this MEA recording (left) and the entire dataset (right) to facilitate comparison of the variation within the MEA recording and relative to other MEA recordings in the dataset."
"4_MEA_NetworkPlotNodedegreeParticipationcoefficient","MEA Network Plot with the Participation Coefficient","Graph of functional connectivity for an individual MEA recording (filename and STTC lag indicated in title). The nodes (circles) represent the neuronal activity observed from neuron(s) at each electrode in the spatial arrangement of the MEA. The node color represents the participation coefficient, a metric of how well distributed a node’s edges are among different modules in the network. Values near 0 indicate the node’s edges are restricted to other nodes in the same module, while values near 1 indicate the node’s edges are evenly distributed among modules. The node degree (size of circle) represents the number of functional connections with other nodes. The edges (lines) represent significant functional connections between nodes, and the edge weight (line thickness) represents the strength of connectivity. The participation coefficient color bar, size of the nodes and thickness of the edges are scaled based on the distributions in this recording."
"4_scaled_MEA_NetworkPlotNodedegreeParticipationcoefficient","Scaled MEA Network Plot with the Participation Coefficient","Graph of functional connectivity for an individual MEA recording (filename and STTC lag indicated in title). The nodes (circles) represent the neuronal activity observed from neuron(s) at each electrode in the spatial arrangement of the MEA. The node color represents the participation coefficient, a metric of how well distributed a node’s edges are among different modules in the network. Values near 0 indicate the node’s edges are restricted to other nodes in the same module, while values near 1 indicate the node’s edges are evenly distributed among modules. The node degree (size of circle) represents the number of functional connections with other nodes. The edges (lines) represent significant functional connections between nodes, and the edge weight (line thickness) represents the strength of connectivity. The participation coefficient color bar, size of the nodes and thickness of the edges are scaled based on the distributions in the entire dataset to facilitate comparisons between MEA recordings."
"4_combined_MEA_NetworkPlot_Participation coefficient","Combined MEA Network Plots with the Participation Coefficient","Graphs of the functional connectivity for an individual MEA recording (filename and STTC lag indicated in title). The nodes (circles) represent the neuronal activity observed from neuron(s) at each electrode in the spatial arrangement of the MEA. The node color represents the participation coefficient, a metric of how well distributed a node’s edges are among different modules in the network. The node degree (size of circle) represents the number of functional connections with other nodes. The edges (lines) represent significant functional connections between nodes, and the edge weight (line thickness) represents the strength of connectivity. The participation coefficient color bar, size of the nodes and thickness of the edges are scaled based on the distributions in this MEA recording (left) and the entire dataset (right) to facilitate comparison of the variation within the MEA recording and relative to other MEA recordings in the dataset."
"5_MEA_NetworkPlotNodestrengthLocalefficiency","MEA Network Plot with the Local Efficiency","Graph of functional connectivity for an individual MEA recording (filename and STTC lag indicated in title). The nodes (circles) represent the neuronal activity observed from neuron(s) at each electrode in the spatial arrangement of the MEA. The node color represents the local efficiency, a metric of how well the node is connected to its nearest neighbors. The node degree (size of circle) represents the number of functional connections with other nodes. The edges (lines) represent significant functional connections between nodes, and the edge weight (line thickness) represents the strength of connectivity. The local efficiency color bar, size of the nodes and thickness of the edges are scaled based on the distributions in this recording."
"5_scaled_MEA_NetworkPlotNodestrengthLocalefficiency","Scaled MEA Network Plot with the Local Efficiency","Graph of functional connectivity for an individual MEA recording (filename and STTC lag indicated in title). The nodes (circles) represent the neuronal activity observed from neuron(s) at each electrode in the spatial arrangement of the MEA. The node color represents the local efficiency, a metric of how well the node is connected to its nearest neighbors. The node degree (size of circle) represents the number of functional connections with other nodes. The edges (lines) represent significant functional connections between nodes, and the edge weight (line thickness) represents the strength of connectivity. The local efficiency color bar, size of the nodes and thickness of the edges are scaled based on the distributions in the entire dataset to facilitate comparisons between MEA recordings."
"5_combined_MEA_NetworkPlot_Local efficiency","Combined MEA Network Plots with the Local Efficiency","Graphs of the functional connectivity for an individual MEA recording (filename and STTC lag indicated in title). The nodes (circles) represent the neuronal activity observed from neuron(s) at each electrode in the spatial arrangement of the MEA. The node color represents the local efficiency, a metric of how well the node is connected to its nearest neighbors. The node degree (size of circle) represents the number of functional connections with other nodes. The edges (lines) represent significant functional connections between nodes, and the edge weight (line thickness) represents the strength of connectivity. The local efficiency color bar, size of the nodes and thickness of the edges are scaled based on the distributions in this MEA recording (left) and the entire dataset (right) to facilitate comparison of the variation within the MEA recording and relative to other MEA recordings in the dataset."
"6_circular_NetworkPlotNodedegreeModule","Circular Network Plot with Modules","Graph of functional connectivity for an individual MEA recording (filename and STTC lag indicated in title). The nodes (circles) represent the neuronal activity observed from neuron(s) at each electrode arranged by module (subcommunities within the network). Nodes with the same color are part of the same module. The node degree (size of circle) represents the number of functional connections with other nodes. The edges (lines) represent significant functional connections between nodes, and the edge weight (line thickness) represents the strength of connectivity."
"7_adjM10msGraphMetricsByNode","Graph Theoretical Metrics By Node","Summary plots of nodal- and edge-level graph theoretical metrics for the MEA recording. Top row, diagram of network metrics. Bottom row, Scatter plots, mean ± s.e.m. (black circles with error bars), and density curves for node degree, edge weight, node strength, within-module degree z-score, local efficiency, participation coefficient, and betweenness centrality. These graph metrics were calculated from the adjacency matrix for the MEA recording using the spike time tiling coefficient (STTC) lag indicated in the title."
"8_adjM10msNullModels","Null Models for Small-World Coefficient (ω).","Line graphs show the small-world coefficient (blue lines) for a lattice (top) and random (bottom) network as the number of iterations of circular shifts of the activity in the original MEA recording increases. This plot is used to check that the number of iterations was sufficient for creating the null models used to normalize the small-world coefficient (ω). The MEA recording filename and spike time tiling coefficient (STTC) lag are indicated in the title."
"9_circular_NetworkPlotNodeCartography","Circular Node Cartography Network Plot.","Graph of functional connectivity for an individual MEA recording (filename and STTC lag indicated in title). The nodes (circles) represent the neuronal activity observed from neuron(s) at each electrode arranged by module (subcommunities within the network). The node color indicates the node cartography role. Gray circles with no edges (when present) indicate electrodes without neurons participating in the network activity. The edges (lines) represent significant functional connections between nodes, and the edge weight (line thickness) represents the strength of connectivity."
"10_MEA_NetworkPlotNodedegreeAveragecontrollability","MEA Network Plot with the Average Controllability","Graph of functional connectivity for an individual MEA recording (filename and STTC lag indicated in title). The nodes (circles) represent the neuronal activity observed from neuron(s) at each electrode in the spatial arrangement of the MEA. The node color represents the average controllability, a metric of how much influence a node has over the overall network activity. The node degree (size of circle) represents the number of functional connections with other nodes. The edges (lines) represent significant functional connections between nodes, and the edge weight (line thickness) represents the strength of connectivity. The average controllability color bar, size of the nodes and thickness of the edges are scaled based on the distributions in this recording."
"10_scaled_MEA_NetworkPlotNodedegreeAveragecontrollability","Scaled MEA Network Plot with the Average Controllability","Graph of functional connectivity for an individual MEA recording (filename and STTC lag indicated in title). The nodes (circles) represent the neuronal activity observed from neuron(s) at each electrode in the spatial arrangement of the MEA. The node color represents the average controllability, a metric of how much influence a node has over the overall network activity. The node degree (size of circle) represents the number of functional connections with other nodes. The edges (lines) represent significant functional connections between nodes, and the edge weight (line thickness) represents the strength of connectivity. The average controllability color bar, size of the nodes and thickness of the edges are scaled to the theoretical maximum and minimum to facilitate comparisons between MEA recordings."
"10_combined_MEA_NetworkPlot_Average controllability","Combined MEA Network Plots with the Average Controllability","Graphs of the functional connectivity for an individual MEA recording (filename and STTC lag indicated in title). The nodes (circles) represent the neuronal activity observed from neuron(s) at each electrode in the spatial arrangement of the MEA. The node color represents the average controllability, a metric of how much influence a node has over the overall network activity. The node degree (size of circle) represents the number of functional connections with other nodes. The edges (lines) represent significant functional connections between nodes, and the edge weight (line thickness) represents the strength of connectivity. The average controllability color bar, size of the nodes and thickness of the edges are scaled based on the distributions in this MEA recording (left) and the theoretical maximum and minimum (right) to facilitate comparison of the variation within the MEA recording and relative to other MEA recordings in the dataset."
"11_MEA_NetworkPlotNodedegreeModalcontrollability","MEA Network Plot with the Modal Controllability","Graph of functional connectivity for an individual MEA recording (filename and STTC lag indicated in title). The nodes (circles) represent the neuronal activity observed from neuron(s) at each electrode in the spatial arrangement of the MEA. The node color represents the modal controllability. The node degree (size of circle) represents the number of functional connections with other nodes. The edges (lines) represent significant functional connections between nodes, and the edge weight (line thickness) represents the strength of connectivity. The modal controllability color bar, size of the nodes and thickness of the edges are scaled based on the distributions in this recording."
"11_scaled_MEA_NetworkPlotNodedegreeModalcontrollability","Scaled MEA Network Plot with Modal Controllability","Graph of functional connectivity for an individual MEA recording (filename and STTC lag indicated in title). The nodes (circles) represent the neuronal activity observed from neuron(s) at each electrode in the spatial arrangement of the MEA. The node color represents the modal controllability. The node degree (size of circle) represents the number of functional connections with other nodes. The edges (lines) represent significant functional connections between nodes, and the edge weight (line thickness) represents the strength of connectivity. The modal controllability color bar, size of the nodes and thickness of the edges are scaled to the theoretical maximum and minimum to facilitate comparisons between MEA recordings."
"11_combined_MEA_NetworkPlot_Modal controllability","Combined MEA Network Plots with the Modal Controllability","Graphs of the functional connectivity for an individual MEA recording (filename and STTC lag indicated in title). The nodes (circles) represent the neuronal activity observed from neuron(s) at each electrode in the spatial arrangement of the MEA. The node color represents the modal controllability. The node degree (size of circle) represents the number of functional connections with other nodes. The edges (lines) represent significant functional connections between nodes, and the edge weight (line thickness) represents the strength of connectivity. The modal controllability color bar, size of the nodes and thickness of the edges are scaled based on the distributions in this MEA recording (left) and the theoretical maximum and minimum (right) to facilitate comparison of the variation within the MEA recording and relative to other MEA recordings in the dataset."
"1_node degree_byGroup","Node Degree by Group","Scatter plots, mean ± s.e.m. (black circles with error bars), and density curves show the node degree for node (colored circles) for all of the recordings in the dataset by age for Group 1 (left panel), Group 2 (second-from-the-left panel), etc. Error bars may not be visible where they are smaller than the size of the circle representing the mean. The node degree was calculated as the number of significant edges for each node. Panel title (top) is the group name."
"2_edge weight_byGroup","Edge Weight by Group","Scatter plots, mean ± s.e.m. (black circles with error bars), and density curves show the edge weights for all edges (colored circles) in the dataset by age for Group 1 (left panel), Group 2 (second-from-the-left panel), etc. Error bars may not be visible where they are smaller than the size of the circle representing the mean. The edge weights were calculated using spike time tiling coefficient (STTC). Panel title (top) is the group name."
"3_node strength_byGroup","Node Strength by Group","Scatter plots, mean ± s.e.m. (black circles with error bars), and density curves show the node strength for all nodes (colored circles) in the dataset by age for Group 1 (left panel), Group 2 (second-from-the-left panel), etc. The node strength is the sum of the edge weights for each node’s connections. Error bars may not be visible where they are smaller than the size of the circle representing the mean. The edge weights were calculated using spike time tiling coefficient (STTC). Panel title (top) is the group name."
"4_local efficiency_byGroup","Local efficiency by Group","Scatter plots, mean ± s.e.m. (black circles with error bars), and density curves show the local efficiency for all nodes (colored circles) in the dataset by age for Group 1 (left panel), Group 2 (second-from-the-left panel), etc. Error bars may not be visible where they are smaller than the size of the circle representing the mean. Panel title (top) is the group name."
"5_within-module degree z-score_byGroup","Within-module Degree z-Score by Group","Scatter plots, mean ± s.e.m. (black circles with error bars), and density curves show the within-module degree z-score for all nodes (colored circles) in the dataset by age for Group 1 (left panel), Group 2 (second-from-the-left panel), etc. Error bars may not be visible where they are smaller than the size of the circle representing the mean. Panel title (top) is the group name."
"6_betweenness centrality_byGroup","Betweenness Centrality by Group","Scatter plots, mean ± s.e.m. (black circles with error bars), and density curves show the betweenness centrality for all nodes (colored circles) in the dataset by age for Group 1 (left panel), Group 2 (second-from-the-left panel), etc. Error bars may not be visible where they are smaller than the size of the circle representing the mean. Panel title (top) is the group name."
"7_participation coefficient_byGroup","Participation Coefficient by Group","Scatter plots, mean ± s.e.m. (black circles with error bars), and density curves show the participation coefficient for all nodes (colored circles) in the dataset by age for Group 1 (left panel), Group 2 (second-from-the-left panel), etc. Values near 0 indicate the node’s edges are restricted to other nodes in the same module, while values near 1 indicate the node’s edges are evenly distributed among modules. Error bars may not be visible where they are smaller than the size of the circle representing the mean. Panel title (top) is the group name."
"8_Average Controllability_byGroup","Average Controllability by Group","Scatter plots, mean ± s.e.m. (black circles with error bars), and density curves show the average controllability for all nodes (colored circles) in the dataset by age for Group 1 (left panel), Group 2 (second-from-the-left panel), etc. Error bars may not be visible where they are smaller than the size of the circle representing the mean. Panel title (top) is the group name."
"9_Modal Controllability_byGroup","Modal controllability by Group","Scatter plots, mean ± s.e.m. (black circles with error bars), and density curves show the modal controllability for all nodes (colored circles) in the dataset by age for Group 1 (left panel), Group 2 (second-from-the-left panel), etc. Error bars may not be visible where they are smaller than the size of the circle representing the mean. Panel title (top) is the group name."
"1_node degree_byAge","Node Degree by Age","Scatter plots, mean ± s.e.m. (black circles with error bars), and density curves show the node degree for node (colored circles) for all of the recordings in the dataset by group for Age 1 (left panel), Age 2 (second-from-the-left-panel), etc. Error bars may not be visible where they are smaller than the size of the circle representing the mean. The node degree was calculated as the number of significant edges for each node. Panel title (top) is the age."
"2_edge weight_byAge","Edge Weight by Age","Scatter plots, mean ± s.e.m. (black circles with error bars), and density curves show the edge weights for all edges (colored circles) in the dataset by group for Age 1 (left panel), Age 2 (second-from-the-left-panel), etc. Error bars may not be visible where they are smaller than the size of the circle representing the mean. The edge weights were calculated using spike time tiling coefficient (STTC). Panel title (top) is the age."
"3_node strength_byAge","Node Strength by Age","Scatter plots, mean ± s.e.m. (black circles with error bars), and density curves show the node strength for all nodes (colored circles) in the dataset by group for Age 1 (left panel), Age 2 (second-from-the-left-panel), etc. The node strength is the sum of the edge weights for each node’s connections. Error bars may not be visible where they are smaller than the size of the circle representing the mean. The edge weights were calculated using spike time tiling coefficient (STTC). Panel title (top) is the age."
"4_local efficiency_byAge","Local efficiency by Age","Scatter plots, mean ± s.e.m. (black circles with error bars), and density curves show the local effeciency for all nodes (colored circles) in the dataset by group for Age 1 (left panel), Age 2 (second-from-the-left-panel), etc. Error bars may not be visible where they are smaller than the size of the circle representing the mean. Panel title (top) is the age."
"5_within-module degree z-score_byAge","Within-module Degree z-Score by Age","Scatter plots, mean ± s.e.m. (black circles with error bars), and density curves show the within-module degree z-score for all nodes (colored circles) in the dataset by group for Age 1 (left panel), Age 2 (second-from-the-left-panel), etc. Error bars may not be visible where they are smaller than the size of the circle representing the mean. Panel title (top) is the age."
"6_betweenness centrality_byAge","Betweenness Centrality by Age","Scatter plots, mean ± s.e.m. (black circles with error bars), and density curves show the betweenness centrality for all nodes (colored circles) in the dataset by group for Age 1 (left panel), Age 2 (second-from-the-left-panel), etc. Error bars may not be visible where they are smaller than the size of the circle representing the mean. Panel title (top) is the age."
"7_participation coefficient_byAge","Participation Coefficient by Age","Scatter plots, mean ± s.e.m. (black circles with error bars), and density curves show the participation coefficient for all nodes (colored circles) in the dataset by group for Age 1 (left panel), Age 2 (second-from-the-left-panel), etc. Values near 0 indicate the node’s edges are restricted to other nodes in the same module, while values near 1 indicate the node’s edges are evenly distributed among modules. Error bars may not be visible where they are smaller than the size of the circle representing the mean. Panel title (top) is the age."
"8_Average Controllability_byAge","Average Controllability by Age","Scatter plots, mean ± s.e.m. (black circles with error bars), and density curves show the average controllability for all nodes (colored circles) in the dataset by group for Age 1 (left panel), Age 2 (second-from-the-left-panel), etc. Error bars may not be visible where they are smaller than the size of the circle representing the mean. Panel title (top) is the age."
"9_Modal Controllability_byAge","Modal controllability by Age","Scatter plots, mean ± s.e.m. (black circles with error bars), and density curves show the modal controllability for all nodes (colored circles) in the dataset by group for Age 1 (left panel), Age 2 (second-from-the-left-panel), etc. Error bars may not be visible where they are smaller than the size of the circle representing the mean. Panel title (top) is the age."
"1_network size_byGroup","Network Size by Group","Scatter plots, mean ± s.e.m. (black circles with error bars), and density curves show the network size for each MEA recording (colored circles) in the dataset by age for Group 1 (left panel), Group 2 (second-from-the-left panel), etc. Error bars may not be visible where they are smaller than the size of the circle representing the mean. The network size was calculated as number of nodes with at least one significant edge. Panel title (top) is the group name."
"2_density_byGroup","Network Density by Group","Scatter plots, mean ± s.e.m. (black circles with error bars), and density curves show the network density for each MEA recording (colored circles) in the dataset by age for Group 1 (left panel), Group 2 (second-from-the-left panel), etc. Error bars may not be visible where they are smaller than the size of the circle representing the mean. The density was calculated as proportion of significant edges as a function of the total possible edges. Panel title (top) is the group name."
"3_Node degree mean_byGroup","Mean Node Degree by Group","Scatter plots, mean ± s.e.m. (black circles with error bars), and density curves show the mean node degree per MEA recording (colored circles) in the dataset by age for Group 1 (left panel), Group 2 (second-from-the-left panel), etc. The node degree is calculated for each node in the network as the number of significant connections with other nodes and were averaged for each recording. Error bars may not be visible where they are smaller than the size of the circle representing the mean. Panel title (top) is the group name."
"4_Top 25% node degree_byGroup","Mean Node Degree of the Top 25% of Nodes","Scatter plots, mean ± s.e.m. (black circles with error bars), and density curves show the mean node degree for the top 25% of nodes per MEA recording (colored circles) in the dataset by age for Group 1 (left panel), Group 2 (second-from-the-left panel), etc. The node degree is calculated for each node in the network as the number of significant connections with other nodes and the top 25% of nodes’ node degrees were averaged for each recording. This metric enables comparison of the most highly connected nodes in the networks. Error bars may not be visible where they are smaller than the size of the circle representing the mean. Panel title (top) is the group name."
"5_Significant edge weight mean_byGroup","Mean Significant Edge Weight by Group","Scatter plots, mean ± s.e.m. (black circles with error bars), and density curves show the mean of the significant edge weights for each MEA recording (colored circles) in the dataset by age for Group 1 (left panel), Group 2 (second-from-the-left panel), etc. Significant edges and their weight are determined using the spike time tiling coefficient and probabilistic thresholding. Error bars may not be visible where they are smaller than the size of the circle representing the mean. Panel title (top) is the group name."
"6_Top 10% edge weight mean_byGroup","Mean Edge Weight of the Top 10% of Significant Edges","Scatter plots, mean ± s.e.m. (black circles with error bars), and density curves show the mean edge weight for the top 10% of edges per MEA recording (colored circles) in the dataset by age for Group 1 (left panel), Group 2 (second-from-the-left panel), etc. This metric enables comparison of the strongest significant edges (most highly correlated activity) in the networks. Error bars may not be visible where they are smaller than the size of the circle representing the mean. Panel title (top) is the group name."
"7_Node strength mean_byGroup","Mean Node Strength by Group","Scatter plots, mean ± s.e.m. (black circles with error bars), and density curves show the mean node strength for each MEA recording (colored circles) in the dataset by age for Group 1 (left panel), Group 2 (second-from-the-left panel), etc. Node strength is calculated for each node as the sum of its edge weights and then averaged for all nodes in the network. Error bars may not be visible where they are smaller than the size of the circle representing the mean. Panel title (top) is the group name."
"8_Local efficiency mean_byGroup","Mean Local Efficiency by Group","Scatter plots, mean ± s.e.m. (black circles with error bars), and density curves show the mean local efficiency for each MEA recording (colored circles) in the dataset by age for Group 1 (left panel), Group 2 (second-from-the-left panel), etc. The local efficiency is calculated for each node and then averaged for all nodes in the network. Error bars may not be visible where they are smaller than the size of the circle representing the mean. Panel title (top) is the group name."
"9_clustering coefficient_byGroup","Clustering Coefficient by Group","Scatter plots, mean ± s.e.m. (black circles with error bars), and density curves show the clustering coefficient for each MEA recording (colored circles) in the dataset by age for Group 1 (left panel), Group 2 (second-from-the-left panel), etc. Error bars may not be visible where they are smaller than the size of the circle representing the mean. Panel title (top) is the group name."
"10_number of modules_byGroup","Number of Modules by Group","Scatter plots, mean ± s.e.m. (black circles with error bars), and density curves show the number of modules for each MEA recording (colored circles) in the dataset by age for Group 1 (left panel), Group 2 (second-from-the-left panel), etc. Error bars may not be visible where they are smaller than the size of the circle representing the mean. Panel title (top) is the group name."
"11_modularity score_byGroup","Modularity Score by Group","Scatter plots, mean ± s.e.m. (black circles with error bars), and density curves show the modularity score for each MEA recording (colored circles) in the dataset by age for Group 1 (left panel), Group 2 (second-from-the-left panel), etc. Error bars may not be visible where they are smaller than the size of the circle representing the mean. Panel title (top) is the group name."
"12_Percentage within-module z-score greater than 0_byGroup","Percentage of Nodes with Within-module Degree Z-scores Greater than Zero","Scatter plots, mean ± s.e.m. (black circles with error bars), and density curves show the percentage of nodes with within-module degree z-scores greater than zero for each MEA recording (colored circles) in the dataset by age for Group 1 (left panel), Group 2 (second-from-the-left panel), etc. The within-module degree z-score is a nodal-level metric for which higher values indicate more intermodular connections (e.g., as seen in hub nodes). Error bars may not be visible where they are smaller than the size of the circle representing the mean. Panel title (top) is the group name."
"13_Percentage within-module z-score less than 0_byGroup","Percentage of Nodes with Within-module Degree Z-scores Less than Zero","Scatter plots, mean ± s.e.m. (black circles with error bars), and density curves show the percentage of nodes with within-module degree z-scores less than zero for each MEA recording (colored circles) in the dataset by age for Group 1 (left panel), Group 2 (second-from-the-left panel), etc. The within-module degree z-score is a nodal-level metric for which lower values indicate fewer intramodular connections (e.g., non-hub or peripheral nodes). Error bars may not be visible where they are smaller than the size of the circle representing the mean. Panel title (top) is the group name."
"14_mean path length_byGroup","Mean Path Length by Group","Scatter plots, mean ± s.e.m. (black circles with error bars), and density curves show the mean path length for each MEA recording (colored circles) in the dataset by age for Group 1 (left panel), Group 2 (second-from-the-left panel), etc. Error bars may not be visible where they are smaller than the size of the circle representing the mean. Panel title (top) is the group name."
"15_Participant coefficient (PC) mean_byGroup","Mean Participation Coefficient by Group","Scatter plots, mean ± s.e.m. (black circles with error bars), and density curves show the mean participation coefficient for each MEA recording (colored circles) in the dataset by age for Group 1 (left panel), Group 2 (second-from-the-left panel), etc. The participation coefficient is calculated for each node and then averaged for all nodes in the network. Error bars may not be visible where they are smaller than the size of the circle representing the mean. Panel title (top) is the group name."
"16_Bottom 10% PC_byGroup","Mean Participation Coefficient of the Bottom 10% of Nodes","Scatter plots, mean ± s.e.m. (black circles with error bars), and density curves show the mean participation coefficient for the bottom 10% of nodes per MEA recording (colored circles) in the dataset by age for Group 1 (left panel), Group 2 (second-from-the-left panel), etc. The participation coefficient is calculated for each node in the network and the bottom 10% of nodes’ participation coefficients were averaged for each recording. This metric may be particular information in highly connected networks to compare nodes with higher modularity that are not participating in highly correlated network activity. Error bars may not be visible where they are smaller than the size of the circle representing the mean. Panel title (top) is the group name."
"17_Top 10% PC_byGroup","Mean Participation Coefficient of the Top 10% of Nodes","Scatter plots, mean ± s.e.m. (black circles with error bars), and density curves show the mean participation coefficient for the top 10% of nodes per MEA recording (colored circles) in the dataset by age for Group 1 (left panel), Group 2 (second-from-the-left panel), etc. The participation coefficient is calculated for each node in the network and the top 10% of nodes’ participation coefficients were averaged for each recording. This metric enables comparison of the nodes with edges that are evenly distributed among modules in the network. Error bars may not be visible where they are smaller than the size of the circle representing the mean. Panel title (top) is the group name."
"18_global efficiency_byGroup","Global Efficiency by Group","Scatter plots, mean ± s.e.m. (black circles with error bars), and density curves show the global efficiency for each MEA recording (colored circles) in the dataset by age for Group 1 (left panel), Group 2 (second-from-the-left panel), etc. Error bars may not be visible where they are smaller than the size of the circle representing the mean. Panel title (top) is the group name."
"19_NC1PeripheralNodes_byGroup","Proportion of Peripeheral Nodes by Group","Scatter plots, mean ± s.e.m. (black circles with error bars), and density curves show the proportion of peripheral nodes for each MEA recording (colored circles) in the dataset by age for Group 1 (left panel), Group 2 (second-from-the-left panel), etc. Error bars may not be visible where they are smaller than the size of the circle representing the mean. Panel title (top) is the group name."
"20_NC2NonhubConnectors_byGroup","Proportion of Non-hub Connectors by Group","Scatter plots, mean ± s.e.m. (black circles with error bars), and density curves show the proportion of non-hub connector nodes for each MEA recording (colored circles) in the dataset by age for Group 1 (left panel), Group 2 (second-from-the-left panel), etc. Error bars may not be visible where they are smaller than the size of the circle representing the mean. Panel title (top) is the group name."
"21_NC3NonhubKinless_byGroup","Proportion Non-hub Kinless Nodes by Group","Scatter plots, mean ± s.e.m. (black circles with error bars), and density curves show the proportion of non-hub kinless nodes for each MEA recording (colored circles) in the dataset by age for Group 1 (left panel), Group 2 (second-from-the-left panel), etc. Error bars may not be visible where they are smaller than the size of the circle representing the mean. Panel title (top) is the group name."
"22_NC4ProvincialHubs_byGroup","Proportion of Provincial Hubs by Group","Scatter plots, mean ± s.e.m. (black circles with error bars), and density curves show the proportion of provincial hubs for each MEA recording (colored circles) in the dataset by age for Group 1 (left panel), Group 2 (second-from-the-left panel), etc. Error bars may not be visible where they are smaller than the size of the circle representing the mean. Panel title (top) is the group name."
"23_NC5ConnectorHubs_byGroup","Proportion of Connector Hubs by Group","Scatter plots, mean ± s.e.m. (black circles with error bars), and density curves show the proportion of connector hubs for each MEA recording (colored circles) in the dataset by age for Group 1 (left panel), Group 2 (second-from-the-left panel), etc. Error bars may not be visible where they are smaller than the size of the circle representing the mean. Panel title (top) is the group name."
"24_NC6KinlessHubs_byGroup","Proportion of Kinless Hubs by Group","Scatter plots, mean ± s.e.m. (black circles with error bars), and density curves show the proportion of kinless hubs for each MEA recording (colored circles) in the dataset by age for Group 1 (left panel), Group 2 (second-from-the-left panel), etc. Error bars may not be visible where they are smaller than the size of the circle representing the mean. Panel title (top) is the group name."
"25_small worldness sigma_byGroup","Small-world Coefficient (σ) by Group","Scatter plots, mean ± s.e.m. (black circles with error bars), and density curves show the small-world coefficient (σ) for each MEA recording (colored circles) in the dataset by age for Group 1 (left panel), Group 2 (second-from-the-left panel), etc. The small-world coefficient (σ) is calculated as clustering coefficient divided by characteristic path length. Small-world networks have a value of σ >1. Error bars may not be visible where they are smaller than the size of the circle representing the mean. Panel title (top) is the group name."
"26_small worldness omega_byGroup","Small-world Coefficient (ω) by Group","Scatter plots, mean ± s.e.m. (black circles with error bars), and density curves show the small-world coefficient (ω) for each MEA recording (colored circles) in the dataset by age for Group 1 (left panel), Group 2 (second-from-the-left panel), etc. The small-world coefficient (ω) is calculated using the normalized clustering coefficient and path length. Small-world network structure is at the midpoint (0) between a lattice (-1) and random (1) network structure. Error bars may not be visible where they are smaller than the size of the circle representing the mean. Panel title (top) is the group name."
"27_Mean average controllability_byGroup","Mean Average Controllability by Group","Scatter plots, mean ± s.e.m. (black circles with error bars), and density curves show the mean average controllability for each MEA recording (colored circles) in the dataset by age for Group 1 (left panel), Group 2 (second-from-the-left panel), etc. The average controllability is a measure of how much influence a node has over the overall network activity. Error bars may not be visible where they are smaller than the size of the circle representing the mean. Panel title (top) is the group name."
"28_Num NMF components_byGroup","Number of Significant Non-negative Matrix Factorization (NMF) Components by Group","Scatter plots, mean ± s.e.m. (black circles with error bars), and density curves show the number of significant NMF components for each MEA recording (colored circles) in the dataset by age for Group 1 (left panel), Group 2 (second-from-the-left panel), etc. NMF identifies patterns of network activity within the network in MEA recordings. Error bars may not be visible where they are smaller than the size of the circle representing the mean. Panel title (top) is the group name."
"29_nNMF div network size_byGroup","Number of Significant Non-negative Matrix Factorization (NMF) Components Divided by Network Size","Scatter plots, mean ± s.e.m. (black circles with error bars), and density curves show the number of significant NMF components divided by network size for each MEA recording (colored circles) in the dataset by age for Group 1 (left panel), Group 2 (second-from-the-left panel), etc. Normalizing the number of significant NMF components by network size can facilitate comparison between networks. Error bars may not be visible where they are smaller than the size of the circle representing the mean. Panel title (top) is the group name."
"30_Effective rank_byGroup","Effective Rank by Group","Scatter plots, mean ± s.e.m. (black circles with error bars), and density curves show the effective rank for each MEA recording (colored circles) in the dataset by age for Group 1 (left panel), Group 2 (second-from-the-left panel), etc. Effective rank is a measure of the number of subcommunities in the network based on network activity patterns. Error bars may not be visible where they are smaller than the size of the circle representing the mean. Panel title (top) is the group name."
"1_network size_byAge","Network Size by Age","Scatter plots, mean ± s.e.m. (black circles with error bars), and density curves show the network size for each MEA recording (colored circles) in the dataset by group for Age 1 (left panel), Age 2 (second-from-the-left-panel), etc. Error bars may not be visible where they are smaller than the size of the circle representing the mean. The network size was calculated as number of nodes with at least one significant edge. Panel title (top) is the age."
"2_density_byAge","Network Density by Age","Scatter plots, mean ± s.e.m. (black circles with error bars), and density curves show the network density for each MEA recording (colored circles) in the dataset by group for Age 1 (left panel), Age 2 (second-from-the-left-panel), etc. Error bars may not be visible where they are smaller than the size of the circle representing the mean. The density was calculated as proportion of significant edges as a function of the total possible edges. Panel title (top) is the age."
"3_Node degree mean_byAge","Mean Node Degree by Age","Scatter plots, mean ± s.e.m. (black circles with error bars), and density curves show the mean node degree for each MEA recording (colored circles) in the dataset by group for Age 1 (left panel), Age 2 (second-from-the-left-panel), etc. The node degree is calculated for each node in the network as the number of significant connections with other nodes and the averaged for each recording. Error bars may not be visible where they are smaller than the size of the circle representing the mean. Panel title (top) is the age"
"4_Top 25% node degree_byAge","Mean Node Degree of the Top 25% of Nodes","Scatter plots, mean ± s.e.m. (black circles with error bars), and density curves show the mean node degree for the top 25% of nodes per MEA recording (colored circles) in the dataset by group for Age 1 (left panel), Age 2 (second-from-the-left-panel), etc. The node degree is calculated for each node in the network as the number of significant connections with other nodes and the top 25% of nodes’ node degrees were averaged for each recording. This metric enables comparison of the most highly connected nodes in the networks. Error bars may not be visible where they are smaller than the size of the circle representing the mean. Panel title (top) is the age."
"5_Significant edge weight mean_byAge","Mean Significant Edge Weight by Age","Scatter plots, mean ± s.e.m. (black circles with error bars), and density curves show the mean of the significant edge weights for each MEA recording (colored circles) in the dataset by group for Age 1 (left panel), Age 2 (second-from-the-left-panel), etc. Significant edges and their weight are determined using the spike time tiling coefficient and probabilistic thresholding. Error bars may not be visible where they are smaller than the size of the circle representing the mean. Panel title (top) is the age."
"6_Top 10% edge weight mean_byAge","Mean Edge Weight of the Top 10% of Significant Edges","Scatter plots, mean ± s.e.m. (black circles with error bars), and density curves show the mean edge weight for the top 10% of edges per MEA recording (colored circles) in the dataset by group for Age 1 (left panel), Age 2 (second-from-the-left-panel), etc. This metric enables comparison of the strongest significant edges (most highly correlated activity) in the networks. Error bars may not be visible where they are smaller than the size of the circle representing the mean. Panel title (top) is the age."
"7_Node strength mean_byAge","Mean Node Strength by Age","Scatter plots, mean ± s.e.m. (black circles with error bars), and density curves show the mean node strength for each MEA recording (colored circles) in the dataset by group for Age 1 (left panel), Age 2 (second-from-the-left-panel), etc. Node strength is calculated for each node as the sum of its edge weights and then averaged for all nodes in the network. Error bars may not be visible where they are smaller than the size of the circle representing the mean. Panel title (top) is the age."
"8_Local efficiency mean_byAge","Mean Local Efficiency by Age","Scatter plots, mean ± s.e.m. (black circles with error bars), and density curves show the mean local efficiency for each MEA recording (colored circles) in the dataset by group for Age 1 (left panel), Age 2 (second-from-the-left-panel), etc. The local efficiency is calculated for each node and then averaged for all nodes in the network. Error bars may not be visible where they are smaller than the size of the circle representing the mean. Panel title (top) is the age.

"
"9_clustering coefficient_byAge","Clustering Coefficient by Age","Scatter plots, mean ± s.e.m. (black circles with error bars), and density curves show the clustering coefficient for each MEA recording (colored circles) in the dataset by group for Age 1 (left panel), Age 2 (second-from-the-left-panel), etc. Error bars may not be visible where they are smaller than the size of the circle representing the mean. Panel title (top) is the age."
"10_number of modules_byAge","Number of Modules by Age","Scatter plots, mean ± s.e.m. (black circles with error bars), and density curves show the number of modules for each MEA recording (colored circles) in the dataset by group for Age 1 (left panel), Age 2 (second-from-the-left-panel), etc. Error bars may not be visible where they are smaller than the size of the circle representing the mean. Panel title (top) is the age."
"11_modularity score_byAge","Modularity Score by Age","Scatter plots, mean ± s.e.m. (black circles with error bars), and density curves show the modularity score for each MEA recording (colored circles) in the dataset by group for Age 1 (left panel), Age 2 (second-from-the-left-panel), etc. Error bars may not be visible where they are smaller than the size of the circle representing the mean. Panel title (top) is the age."
"12_Percentage within-module z-score greater than 0_byAge","Percentage of Nodes with Within-module Degree Z-scores Greater than Zero","Scatter plots, mean ± s.e.m. (black circles with error bars), and density curves show the percentage of nodes with within-module degree z-scores greater than zero for each MEA recording (colored circles) in the dataset by group for Age 1 (left panel), Age 2 (second-from-the-left-panel), etc. The within-module degree z-score is a nodal-level metric for which higher values indicate more intermodular connections (e.g., as seen in hub nodes). Error bars may not be visible where they are smaller than the size of the circle representing the mean. Panel title (top) is the age."
"13_Percentage within-module z-score less than 0_byAge","Percentage of Nodes with Within-module Degree Z-scores Less than Zero","Scatter plots, mean ± s.e.m. (black circles with error bars), and density curves show the percentage of nodes with within-module degree z-scores less than zero for each MEA recording (colored circles) in the dataset by group for Age 1 (left panel), Age 2 (second-from-the-left-panel), etc. The within-module degree z-score is a nodal-level metric for which lower values indicate fewer intramodular connections (e.g., non-hub or peripheral nodes). Error bars may not be visible where they are smaller than the size of the circle representing the mean. Panel title (top) is the age."
"14_mean path length_byAge","Mean Path Length by Age","Scatter plots, mean ± s.e.m. (black circles with error bars), and density curves show the mean path length for each MEA recording (colored circles) in the dataset by group for Age 1 (left panel), Age 2 (second-from-the-left-panel), etc. Error bars may not be visible where they are smaller than the size of the circle representing the mean. Panel title (top) is the age."
"15_Participant coefficient (PC) mean_byAge","Mean Participation Coefficient by Age","Scatter plots, mean ± s.e.m. (black circles with error bars), and density curves show the mean participation coefficient for each MEA recording (colored circles) in the dataset by group for Age 1 (left panel), Age 2 (second-from-the-left-panel), etc. The participation coefficient is calculated for each node and then averaged for all nodes in the network. Error bars may not be visible where they are smaller than the size of the circle representing the mean. Panel title (top) is the age."
"16_Bottom 10% PC_byAge","Mean Participation Coefficient of the Bottom 10% of Nodes","Scatter plots, mean ± s.e.m. (black circles with error bars), and density curves show the mean participation coefficient for the bottom 10% of nodes per MEA recording (colored circles) in the dataset by group for Age 1 (left panel), Age 2 (second-from-the-left-panel), etc. The participation coefficient is calculated for each node in the network and the bottom 10% of nodes’ participation coefficients were averaged for each recording. This metric may be particular information in highly connected networks to compare nodes with higher modularity that are not participating in highly correlated network activity. Error bars may not be visible where they are smaller than the size of the circle representing the mean. Panel title (top) is the age."
"17_Top 10% PC_byAge","Mean Participation Coefficient of the Top 10% of Nodes","Scatter plots, mean ± s.e.m. (black circles with error bars), and density curves show the mean participation coefficient for the top 10% of nodes per MEA recording (colored circles) in the dataset by group for Age 1 (left panel), Age 2 (second-from-the-left-panel), etc. The participation coefficient is calculated for each node in the network and the top 10% of nodes’ participation coefficients were averaged for each recording. This metric enables comparison of the nodes with edges that are evenly distributed among modules in the network. Error bars may not be visible where they are smaller than the size of the circle representing the mean. Panel title (top) is the age.

"
"18_global efficiency_byAge","Global Efficiency by Age","Scatter plots, mean ± s.e.m. (black circles with error bars), and density curves show the global efficiency for each MEA recording (colored circles) in the dataset by group for Age 1 (left panel), Age 2 (second-from-the-left-panel), etc. Error bars may not be visible where they are smaller than the size of the circle representing the mean. Panel title (top) is the age."
"19_NC1PeripheralNodes_byAge","Proportion of Peripeheral Nodes by Age","Scatter plots, mean ± s.e.m. (black circles with error bars), and density curves show the proportion of peripheral nodes for each MEA recording (colored circles) in the dataset by group for Age 1 (left panel), Age 2 (second-from-the-left-panel), etc. calculated using node cartography. Error bars may not be visible where they are smaller than the size of the circle representing the mean. Panel title (top) is the age."
"20_NC2NonhubConnectors_byAge","Proportion of Non-hub Connectors by Age","Scatter plots, mean ± s.e.m. (black circles with error bars), and density curves show the proportion of non-hub connectors for each MEA recording (colored circles) in the dataset by group for Age 1 (left panel), Age 2 (second-from-the-left-panel), etc. calculated using node cartography. Error bars may not be visible where they are smaller than the size of the circle representing the mean. Panel title (top) is the age."
"21_NC3NonhubKinless_byAge","Proportion Non-hub Kinless Nodes by Age","Scatter plots, mean ± s.e.m. (black circles with error bars), and density curves show the proportion of non-hub connectors for each MEA recording (colored circles) in the dataset by group for Age 1 (left panel), Age 2 (second-from-the-left-panel), etc. calculated using node cartography. Error bars may not be visible where they are smaller than the size of the circle representing the mean. Panel title (top) is the age."
"22_NC4ProvincialHubs_byAge","Proportion of Provincial Hubs by Age","Scatter plots, mean ± s.e.m. (black circles with error bars), and density curves show the proportion of provincial hubs for each MEA recording (colored circles) in the dataset by group for Age 1 (left panel), Age 2 (second-from-the-left-panel), etc. calculated using node cartography. Error bars may not be visible where they are smaller than the size of the circle representing the mean. Panel title (top) is the age."
"23_NC5ConnectorHubs_byAge","Proportion of Connector Hubs by Age","Scatter plots, mean ± s.e.m. (black circles with error bars), and density curves show the proportion of connector hubs for each MEA recording (colored circles) in the dataset by group for Age 1 (left panel), Age 2 (second-from-the-left-panel), etc. calculated using node cartography. Error bars may not be visible where they are smaller than the size of the circle representing the mean. Panel title (top) is the age."
"24_NC6KinlessHubs_byAge","Proportion of Kinless Hubs by Age","Scatter plots, mean ± s.e.m. (black circles with error bars), and density curves show the proportion of kinless hubs for each MEA recording (colored circles) in the dataset by group for Age 1 (left panel), Age 2 (second-from-the-left-panel), etc. calculated using node cartography. Error bars may not be visible where they are smaller than the size of the circle representing the mean. Panel title (top) is the age."
"25_small worldness sigma_byAge","Small-world Coefficient (σ) by Age","Scatter plots, mean ± s.e.m. (black circles with error bars), and density curves show the small-world coefficient (σ) for each MEA recording (colored circles) in the dataset by group for Age 1 (left panel), Age 2 (second-from-the-left-panel), etc. The small-world coefficient (σ) is calculated as clustering coefficient divided by characteristic path length. Small-world networks have a value of σ >1. Error bars may not be visible where they are smaller than the size of the circle representing the mean. Panel title (top) is the age.

"
"26_small worldness omega_byAge","Small-world Coefficient (ω) by Age","Scatter plots, mean ± s.e.m. (black circles with error bars), and density curves show the small-world coefficient (ω) for each MEA recording (colored circles) in the dataset by age for Group 1 (left panel), Group 2 (second-from-the-left panel), etc. The small-world coefficient (ω) is calculated using the normalized clustering coefficient and path length. Small-world network structure is at the midpoint (0) between a lattice (-1) and random (1) network structure. Error bars may not be visible where they are smaller than the size of the circle representing the mean. Panel title (top) is the group name."
"27_Mean average controllability_byAge","Mean Average Controllability by Age","Scatter plots, mean ± s.e.m. (black circles with error bars), and density curves show the mean average controllability for each MEA recording (colored circles) in the dataset by group for Age 1 (left panel), Age 2 (second-from-the-left-panel), etc. Error bars may not be visible where they are smaller than the size of the circle representing the mean. Panel title (top) is the age."
"28_Num NMF components_byAge","Number of Significant Non-negative Matrix Factorization (NMF) Components by Age","Scatter plots, mean ± s.e.m. (black circles with error bars), and density curves show the number of significant NMF components for each MEA recording (colored circles) in the dataset by group for Age 1 (left panel), Age 2 (second-from-the-left-panel), etc. NMF identifies patterns of network activity within the network in MEA recordings. Error bars may not be visible where they are smaller than the size of the circle representing the mean. Panel title (top) is the age."
"29_nNMF div network size_byAge","Number of Significant Non-negative Matrix Factorization (NMF) Components Divided by Network Size","Scatter plots, mean ± s.e.m. (black circles with error bars), and density curves show the number of significant NMF components divided by network size for each MEA recording (colored circles) in the dataset by group for Age 1 (left panel), Age 2 (second-from-the-left-panel), etc. Normalizing the number of significant NMF components by network size can facilitate comparison between networks. Error bars may not be visible where they are smaller than the size of the circle representing the mean. Panel title (top) is the age."
"30_Effective rank_byAge","Effective Rank by Age","Scatter plots, mean ± s.e.m. (black circles with error bars), and density curves show the effective rank for each MEA recording (colored circles) in the dataset by group for Age 1 (left panel), Age 2 (second-from-the-left-panel), etc. Effective rank is a measure of the number of subcommunities in the network based on network activity patterns. Error bars may not be visible where they are smaller than the size of the circle representing the mean. Panel title (top) is the age."
